Workbook

Sheet Feuille_de_route
A1: Livrable 4 - Feuille de route d'amélioration de la sécurité (24 mois)
A2: Indice de priorité = 2 x score du risque lié le plus élevé + 4 x urgence + 2 x (6 - effort). P1 >= 62, P2 48-61, P3 < 48. Cellules grises en gras = saisies de jugement. Les cellules du Gantt sont des formules pilotées par Début et Durée.
S3: Mois ->
A4: ID | B4: Action | C4: Description | D4: Exigences PSSI | E4: Risque principal | F4: Risque secondaire | G4: Responsable proposé | H4: Début (mois) | I4: Durée (mois) | J4: Fin (mois) | K4: Effort (1-5) | L4: Urgence (1-5) | M4: Score du risque max | N4: Indice de priorité | O4: Priorité | P4: Tranche | Q4: Dépend de | R4: Mesure de succès / indicateur | S4: 1 | T4: 2 | U4: 3 | V4: 4 | W4: 5 | X4: 6 | Y4: 7 | Z4: 8 | AA4: 9 | AB4: 10 | AC4: 11 | AD4: 12 | AE4: 13 | AF4: 14 | AG4: 15 | AH4: 16 | AI4: 17 | AJ4: 18 | AK4: 19 | AL4: 20 | AM4: 21 | AN4: 22 | AO4: 23 | AP4: 24
A5: A-01 | B5: Charte de continuité de la gouvernance et assurance pendant l'intérim | C5: Documenter droits de décision, suppléants et autorité d'acceptation des risques pendant la transition du RSSI ; aligner le plan à 90 jours du futur RSSI sur cette feuille de route ; informer le comité d'audit. | D5: GOV-01, GOV-02 | E5: R-11 | F5: R-01 | G5: Président du comité d'audit / DG avec le RSSI par intérim | H5: 1 | I5: 3 | J5: =H5+I5-1 -> 3 | K5: 2 | L5: 5 | M5: =MAX(INDEX(Ref_Risques!$C$3:$C$15,MATCH(E5,Ref_Risques!$A$3:$A$15,0)),INDEX(Ref_Risques!$C$3:$C$15,MATCH(F5,Ref_Risques!$A$3:$A$15,0))) -> 20 | N5: =2*M5+4*L5+2*(6-K5) -> 68 | O5: =IF(N5>=62,"P1",IF(N5>=48,"P2","P3")) -> P1 | P5: =IF(H5<=3,"0-3 mois",IF(H5<=6,"3-6 mois",IF(H5<=12,"6-12 mois","12-24 mois"))) -> 0-3 mois | Q5: None | R5: Charte approuvée ; responsables nommés pour tous les risques Critiques/Élevés | S5: =IF(AND(1>=$H5,1<=$J5),1,"") -> 1 | T5: =IF(AND(2>=$H5,2<=$J5),1,"") -> 1 | U5: =IF(AND(3>=$H5,3<=$J5),1,"") -> 1 | V5: =IF(AND(4>=$H5,4<=$J5),1,"") | W5: =IF(AND(5>=$H5,5<=$J5),1,"") | X5: =IF(AND(6>=$H5,6<=$J5),1,"") | Y5: =IF(AND(7>=$H5,7<=$J5),1,"") | Z5: =IF(AND(8>=$H5,8<=$J5),1,"") | AA5: =IF(AND(9>=$H5,9<=$J5),1,"") | AB5: =IF(AND(10>=$H5,10<=$J5),1,"") | AC5: =IF(AND(11>=$H5,11<=$J5),1,"") | AD5: =IF(AND(12>=$H5,12<=$J5),1,"") | AE5: =IF(AND(13>=$H5,13<=$J5),1,"") | AF5: =IF(AND(14>=$H5,14<=$J5),1,"") | AG5: =IF(AND(15>=$H5,15<=$J5),1,"") | AH5: =IF(AND(16>=$H5,16<=$J5),1,"") | AI5: =IF(AND(17>=$H5,17<=$J5),1,"") | AJ5: =IF(AND(18>=$H5,18<=$J5),1,"") | AK5: =IF(AND(19>=$H5,19<=$J5),1,"") | AL5: =IF(AND(20>=$H5,20<=$J5),1,"") | AM5: =IF(AND(21>=$H5,21<=$J5),1,"") | AN5: =IF(AND(22>=$H5,22<=$J5),1,"") | AO5: =IF(AND(23>=$H5,23<=$J5),1,"") | AP5: =IF(AND(24>=$H5,24<=$J5),1,"")
A6: A-02 | B6: Playbook de réponse aux vulnérabilités critiques et KEV | C6: Codifier les étapes de la détection à l'avis puis au correctif, correction SaaS en priorité, modèles d'avis aux clients, politique de versions supportées et de rétroportage vers les versions en fin de vie, et options de réduction d'exposition pour l'auto-hébergé. | D6: SSC-03, SSC-05, RES-03 | E6: R-10 | F6: R-02 | G6: VP Sécurité produit avec Support et Communication | H6: 1 | I6: 3 | J6: =H6+I6-1 -> 3 | K6: 2 | L6: 5 | M6: =MAX(INDEX(Ref_Risques!$C$3:$C$15,MATCH(E6,Ref_Risques!$A$3:$A$15,0)),INDEX(Ref_Risques!$C$3:$C$15,MATCH(F6,Ref_Risques!$A$3:$A$15,0))) -> 20 | N6: =2*M6+4*L6+2*(6-K6) -> 68 | O6: =IF(N6>=62,"P1",IF(N6>=48,"P2","P3")) -> P1 | P6: =IF(H6<=3,"0-3 mois",IF(H6<=6,"3-6 mois",IF(H6<=12,"6-12 mois","12-24 mois"))) -> 0-3 mois | Q6: None | R6: Playbook approuvé ; délai cible entre correctif et avis défini et tenu | S6: =IF(AND(1>=$H6,1<=$J6),1,"") -> 1 | T6: =IF(AND(2>=$H6,2<=$J6),1,"") -> 1 | U6: =IF(AND(3>=$H6,3<=$J6),1,"") -> 1 | V6: =IF(AND(4>=$H6,4<=$J6),1,"") | W6: =IF(AND(5>=$H6,5<=$J6),1,"") | X6: =IF(AND(6>=$H6,6<=$J6),1,"") | Y6: =IF(AND(7>=$H6,7<=$J6),1,"") | Z6: =IF(AND(8>=$H6,8<=$J6),1,"") | AA6: =IF(AND(9>=$H6,9<=$J6),1,"") | AB6: =IF(AND(10>=$H6,10<=$J6),1,"") | AC6: =IF(AND(11>=$H6,11<=$J6),1,"") | AD6: =IF(AND(12>=$H6,12<=$J6),1,"") | AE6: =IF(AND(13>=$H6,13<=$J6),1,"") | AF6: =IF(AND(14>=$H6,14<=$J6),1,"") | AG6: =IF(AND(15>=$H6,15<=$J6),1,"") | AH6: =IF(AND(16>=$H6,16<=$J6),1,"") | AI6: =IF(AND(17>=$H6,17<=$J6),1,"") | AJ6: =IF(AND(18>=$H6,18<=$J6),1,"") | AK6: =IF(AND(19>=$H6,19<=$J6),1,"") | AL6: =IF(AND(20>=$H6,20<=$J6),1,"") | AM6: =IF(AND(21>=$H6,21<=$J6),1,"") | AN6: =IF(AND(22>=$H6,22<=$J6),1,"") | AO6: =IF(AND(23>=$H6,23<=$J6),1,"") | AP6: =IF(AND(24>=$H6,24<=$J6),1,"")
A7: A-03 | B7: Modèle de menaces de l'IA et socle de garde-fous pour Duo Agent Platform et les périmètres MCP | C7: Modéliser les menaces d'injection de prompt, de détournement d'outils et de fuite de données ; imposer des jetons d'agent à périmètre minimal et courte durée et des portes d'approbation pour les actions sensibles. | D7: AI-01, AI-02 | E7: R-06 | F7: R-02 | G7: Responsable Sécurité de l'IA | H7: 1 | I7: 4 | J7: =H7+I7-1 -> 4 | K7: 3 | L7: 5 | M7: =MAX(INDEX(Ref_Risques!$C$3:$C$15,MATCH(E7,Ref_Risques!$A$3:$A$15,0)),INDEX(Ref_Risques!$C$3:$C$15,MATCH(F7,Ref_Risques!$A$3:$A$15,0))) -> 20 | N7: =2*M7+4*L7+2*(6-K7) -> 66 | O7: =IF(N7>=62,"P1",IF(N7>=48,"P2","P3")) -> P1 | P7: =IF(H7<=3,"0-3 mois",IF(H7<=6,"3-6 mois",IF(H7<=12,"6-12 mois","12-24 mois"))) -> 0-3 mois | Q7: None | R7: Modèle de menaces approuvé ; 100 % des jetons d'agent à périmètre appliqué | S7: =IF(AND(1>=$H7,1<=$J7),1,"") -> 1 | T7: =IF(AND(2>=$H7,2<=$J7),1,"") -> 1 | U7: =IF(AND(3>=$H7,3<=$J7),1,"") -> 1 | V7: =IF(AND(4>=$H7,4<=$J7),1,"") -> 1 | W7: =IF(AND(5>=$H7,5<=$J7),1,"") | X7: =IF(AND(6>=$H7,6<=$J7),1,"") | Y7: =IF(AND(7>=$H7,7<=$J7),1,"") | Z7: =IF(AND(8>=$H7,8<=$J7),1,"") | AA7: =IF(AND(9>=$H7,9<=$J7),1,"") | AB7: =IF(AND(10>=$H7,10<=$J7),1,"") | AC7: =IF(AND(11>=$H7,11<=$J7),1,"") | AD7: =IF(AND(12>=$H7,12<=$J7),1,"") | AE7: =IF(AND(13>=$H7,13<=$J7),1,"") | AF7: =IF(AND(14>=$H7,14<=$J7),1,"") | AG7: =IF(AND(15>=$H7,15<=$J7),1,"") | AH7: =IF(AND(16>=$H7,16<=$J7),1,"") | AI7: =IF(AND(17>=$H7,17<=$J7),1,"") | AJ7: =IF(AND(18>=$H7,18<=$J7),1,"") | AK7: =IF(AND(19>=$H7,19<=$J7),1,"") | AL7: =IF(AND(20>=$H7,20<=$J7),1,"") | AM7: =IF(AND(21>=$H7,21<=$J7),1,"") | AN7: =IF(AND(22>=$H7,22<=$J7),1,"") | AO7: =IF(AND(23>=$H7,23<=$J7),1,"") | AP7: =IF(AND(24>=$H7,24<=$J7),1,"")
A8: A-04 | B8: MFA résistant à l'hameçonnage et durcissement des sessions pour les accès privilégiés et de production | C8: Imposer FIDO2/passkeys pour le Tier-0 et les rôles d'ingénierie ; raccourcir et lier les sessions ; contrôles de posture de l'appareil. | D8: IAM-02, IAM-01 | E8: R-01 | F8: R-08 | G8: Responsable Identités et Accès / IT | H8: 1 | I8: 4 | J8: =H8+I8-1 -> 4 | K8: 3 | L8: 5 | M8: =MAX(INDEX(Ref_Risques!$C$3:$C$15,MATCH(E8,Ref_Risques!$A$3:$A$15,0)),INDEX(Ref_Risques!$C$3:$C$15,MATCH(F8,Ref_Risques!$A$3:$A$15,0))) -> 20 | N8: =2*M8+4*L8+2*(6-K8) -> 66 | O8: =IF(N8>=62,"P1",IF(N8>=48,"P2","P3")) -> P1 | P8: =IF(H8<=3,"0-3 mois",IF(H8<=6,"3-6 mois",IF(H8<=12,"6-12 mois","12-24 mois"))) -> 0-3 mois | Q8: A-05 | R8: 100 % des connexions privilégiées résistantes à l'hameçonnage ; durée de session Tier-0 réduite | S8: =IF(AND(1>=$H8,1<=$J8),1,"") -> 1 | T8: =IF(AND(2>=$H8,2<=$J8),1,"") -> 1 | U8: =IF(AND(3>=$H8,3<=$J8),1,"") -> 1 | V8: =IF(AND(4>=$H8,4<=$J8),1,"") -> 1 | W8: =IF(AND(5>=$H8,5<=$J8),1,"") | X8: =IF(AND(6>=$H8,6<=$J8),1,"") | Y8: =IF(AND(7>=$H8,7<=$J8),1,"") | Z8: =IF(AND(8>=$H8,8<=$J8),1,"") | AA8: =IF(AND(9>=$H8,9<=$J8),1,"") | AB8: =IF(AND(10>=$H8,10<=$J8),1,"") | AC8: =IF(AND(11>=$H8,11<=$J8),1,"") | AD8: =IF(AND(12>=$H8,12<=$J8),1,"") | AE8: =IF(AND(13>=$H8,13<=$J8),1,"") | AF8: =IF(AND(14>=$H8,14<=$J8),1,"") | AG8: =IF(AND(15>=$H8,15<=$J8),1,"") | AH8: =IF(AND(16>=$H8,16<=$J8),1,"") | AI8: =IF(AND(17>=$H8,17<=$J8),1,"") | AJ8: =IF(AND(18>=$H8,18<=$J8),1,"") | AK8: =IF(AND(19>=$H8,19<=$J8),1,"") | AL8: =IF(AND(20>=$H8,20<=$J8),1,"") | AM8: =IF(AND(21>=$H8,21<=$J8),1,"") | AN8: =IF(AND(22>=$H8,22<=$J8),1,"") | AO8: =IF(AND(23>=$H8,23<=$J8),1,"") | AP8: =IF(AND(24>=$H8,24<=$J8),1,"")
A9: A-05 | B9: Inventaire et hiérarchisation (Tier-0) des accès privilégiés | C9: Inventorier et classifier tous les chemins privilégiés : racines d'organisation cloud, Switchboard, bases de production et Gitaly, administrateurs IdP, administration CI/CD et clés de signature. | D9: IAM-01 | E9: R-01 | F9: R-07 | G9: Responsable Identités et Accès | H9: 1 | I9: 3 | J9: =H9+I9-1 -> 3 | K9: 3 | L9: 5 | M9: =MAX(INDEX(Ref_Risques!$C$3:$C$15,MATCH(E9,Ref_Risques!$A$3:$A$15,0)),INDEX(Ref_Risques!$C$3:$C$15,MATCH(F9,Ref_Risques!$A$3:$A$15,0))) -> 20 | N9: =2*M9+4*L9+2*(6-K9) -> 66 | O9: =IF(N9>=62,"P1",IF(N9>=48,"P2","P3")) -> P1 | P9: =IF(H9<=3,"0-3 mois",IF(H9<=6,"3-6 mois",IF(H9<=12,"6-12 mois","12-24 mois"))) -> 0-3 mois | Q9: None | R9: 100 % des comptes Tier-0 inventoriés et attribués à un propriétaire | S9: =IF(AND(1>=$H9,1<=$J9),1,"") -> 1 | T9: =IF(AND(2>=$H9,2<=$J9),1,"") -> 1 | U9: =IF(AND(3>=$H9,3<=$J9),1,"") -> 1 | V9: =IF(AND(4>=$H9,4<=$J9),1,"") | W9: =IF(AND(5>=$H9,5<=$J9),1,"") | X9: =IF(AND(6>=$H9,6<=$J9),1,"") | Y9: =IF(AND(7>=$H9,7<=$J9),1,"") | Z9: =IF(AND(8>=$H9,8<=$J9),1,"") | AA9: =IF(AND(9>=$H9,9<=$J9),1,"") | AB9: =IF(AND(10>=$H9,10<=$J9),1,"") | AC9: =IF(AND(11>=$H9,11<=$J9),1,"") | AD9: =IF(AND(12>=$H9,12<=$J9),1,"") | AE9: =IF(AND(13>=$H9,13<=$J9),1,"") | AF9: =IF(AND(14>=$H9,14<=$J9),1,"") | AG9: =IF(AND(15>=$H9,15<=$J9),1,"") | AH9: =IF(AND(16>=$H9,16<=$J9),1,"") | AI9: =IF(AND(17>=$H9,17<=$J9),1,"") | AJ9: =IF(AND(18>=$H9,18<=$J9),1,"") | AK9: =IF(AND(19>=$H9,19<=$J9),1,"") | AL9: =IF(AND(20>=$H9,20<=$J9),1,"") | AM9: =IF(AND(21>=$H9,21<=$J9),1,"") | AN9: =IF(AND(22>=$H9,22<=$J9),1,"") | AO9: =IF(AND(23>=$H9,23<=$J9),1,"") | AP9: =IF(AND(24>=$H9,24<=$J9),1,"")
A10: A-06 | B10: Pack d'indicateurs de sécurité et de reporting au conseil | C10: Définir 12 à 15 indicateurs de résultat issus de la PSSI (couverture privilégiée, délai de correction, ancienneté des tests de reprise, constats d'IA) et les rapporter chaque trimestre au comité d'audit. | D10: GOV-04 | E10: R-11 | F10: R-02 | G10: Responsable Gouvernance de la sécurité | H10: 1 | I10: 3 | J10: =H10+I10-1 -> 3 | K10: 2 | L10: 4 | M10: =MAX(INDEX(Ref_Risques!$C$3:$C$15,MATCH(E10,Ref_Risques!$A$3:$A$15,0)),INDEX(Ref_Risques!$C$3:$C$15,MATCH(F10,Ref_Risques!$A$3:$A$15,0))) -> 20 | N10: =2*M10+4*L10+2*(6-K10) -> 64 | O10: =IF(N10>=62,"P1",IF(N10>=48,"P2","P3")) -> P1 | P10: =IF(H10<=3,"0-3 mois",IF(H10<=6,"3-6 mois",IF(H10<=12,"6-12 mois","12-24 mois"))) -> 0-3 mois | Q10: None | R10: Premier pack trimestriel livré ; tous les indicateurs ont cible et responsable | S10: =IF(AND(1>=$H10,1<=$J10),1,"") -> 1 | T10: =IF(AND(2>=$H10,2<=$J10),1,"") -> 1 | U10: =IF(AND(3>=$H10,3<=$J10),1,"") -> 1 | V10: =IF(AND(4>=$H10,4<=$J10),1,"") | W10: =IF(AND(5>=$H10,5<=$J10),1,"") | X10: =IF(AND(6>=$H10,6<=$J10),1,"") | Y10: =IF(AND(7>=$H10,7<=$J10),1,"") | Z10: =IF(AND(8>=$H10,8<=$J10),1,"") | AA10: =IF(AND(9>=$H10,9<=$J10),1,"") | AB10: =IF(AND(10>=$H10,10<=$J10),1,"") | AC10: =IF(AND(11>=$H10,11<=$J10),1,"") | AD10: =IF(AND(12>=$H10,12<=$J10),1,"") | AE10: =IF(AND(13>=$H10,13<=$J10),1,"") | AF10: =IF(AND(14>=$H10,14<=$J10),1,"") | AG10: =IF(AND(15>=$H10,15<=$J10),1,"") | AH10: =IF(AND(16>=$H10,16<=$J10),1,"") | AI10: =IF(AND(17>=$H10,17<=$J10),1,"") | AJ10: =IF(AND(18>=$H10,18<=$J10),1,"") | AK10: =IF(AND(19>=$H10,19<=$J10),1,"") | AL10: =IF(AND(20>=$H10,20<=$J10),1,"") | AM10: =IF(AND(21>=$H10,21<=$J10),1,"") | AN10: =IF(AND(22>=$H10,22<=$J10),1,"") | AO10: =IF(AND(23>=$H10,23<=$J10),1,"") | AP10: =IF(AND(24>=$H10,24<=$J10),1,"")
A11: A-07 | B11: Hygiène des certifications : rapprocher l'édition ISO et les déclarations de périmètre publiques | C11: Aligner Trust Center, handbook et communiqués sur le certificat en vigueur (édition ISO 27001:2022) et publier une cartographie certifications-produits. | D11: CMP-01, CMP-02 | E11: R-12 | F11: R-12 | G11: Directeur Conformité sécurité | H11: 1 | I11: 2 | J11: =H11+I11-1 -> 2 | K11: 1 | L11: 3 | M11: =MAX(INDEX(Ref_Risques!$C$3:$C$15,MATCH(E11,Ref_Risques!$A$3:$A$15,0)),INDEX(Ref_Risques!$C$3:$C$15,MATCH(F11,Ref_Risques!$A$3:$A$15,0))) -> 6 | N11: =2*M11+4*L11+2*(6-K11) -> 34 | O11: =IF(N11>=62,"P1",IF(N11>=48,"P2","P3")) -> P3 | P11: =IF(H11<=3,"0-3 mois",IF(H11<=6,"3-6 mois",IF(H11<=12,"6-12 mois","12-24 mois"))) -> 0-3 mois | Q11: None | R11: Toutes les pages publiques cohérentes avec l'édition du certificat | S11: =IF(AND(1>=$H11,1<=$J11),1,"") -> 1 | T11: =IF(AND(2>=$H11,2<=$J11),1,"") -> 1 | U11: =IF(AND(3>=$H11,3<=$J11),1,"") | V11: =IF(AND(4>=$H11,4<=$J11),1,"") | W11: =IF(AND(5>=$H11,5<=$J11),1,"") | X11: =IF(AND(6>=$H11,6<=$J11),1,"") | Y11: =IF(AND(7>=$H11,7<=$J11),1,"") | Z11: =IF(AND(8>=$H11,8<=$J11),1,"") | AA11: =IF(AND(9>=$H11,9<=$J11),1,"") | AB11: =IF(AND(10>=$H11,10<=$J11),1,"") | AC11: =IF(AND(11>=$H11,11<=$J11),1,"") | AD11: =IF(AND(12>=$H11,12<=$J11),1,"") | AE11: =IF(AND(13>=$H11,13<=$J11),1,"") | AF11: =IF(AND(14>=$H11,14<=$J11),1,"") | AG11: =IF(AND(15>=$H11,15<=$J11),1,"") | AH11: =IF(AND(16>=$H11,16<=$J11),1,"") | AI11: =IF(AND(17>=$H11,17<=$J11),1,"") | AJ11: =IF(AND(18>=$H11,18<=$J11),1,"") | AK11: =IF(AND(19>=$H11,19<=$J11),1,"") | AL11: =IF(AND(20>=$H11,20<=$J11),1,"") | AM11: =IF(AND(21>=$H11,21<=$J11),1,"") | AN11: =IF(AND(22>=$H11,22<=$J11),1,"") | AO11: =IF(AND(23>=$H11,23<=$J11),1,"") | AP11: =IF(AND(24>=$H11,24<=$J11),1,"")
A12: A-08 | B12: Exercice sur table : zero-day critique pré-authentification sur GitLab.com, Dedicated et auto-hébergé | C12: Répéter les décisions de direction, la communication et la réponse technique pour une faille de classe KEV. | D12: RES-03 | E12: R-02 | F12: R-10 | G12: Opérations de sécurité / Continuité d'activité | H12: 2 | I12: 2 | J12: =H12+I12-1 -> 3 | K12: 2 | L12: 4 | M12: =MAX(INDEX(Ref_Risques!$C$3:$C$15,MATCH(E12,Ref_Risques!$A$3:$A$15,0)),INDEX(Ref_Risques!$C$3:$C$15,MATCH(F12,Ref_Risques!$A$3:$A$15,0))) -> 20 | N12: =2*M12+4*L12+2*(6-K12) -> 64 | O12: =IF(N12>=62,"P1",IF(N12>=48,"P2","P3")) -> P1 | P12: =IF(H12<=3,"0-3 mois",IF(H12<=6,"3-6 mois",IF(H12<=12,"6-12 mois","12-24 mois"))) -> 0-3 mois | Q12: A-02 | R12: Exercice réalisé ; actions consignées et suivies | S12: =IF(AND(1>=$H12,1<=$J12),1,"") | T12: =IF(AND(2>=$H12,2<=$J12),1,"") -> 1 | U12: =IF(AND(3>=$H12,3<=$J12),1,"") -> 1 | V12: =IF(AND(4>=$H12,4<=$J12),1,"") | W12: =IF(AND(5>=$H12,5<=$J12),1,"") | X12: =IF(AND(6>=$H12,6<=$J12),1,"") | Y12: =IF(AND(7>=$H12,7<=$J12),1,"") | Z12: =IF(AND(8>=$H12,8<=$J12),1,"") | AA12: =IF(AND(9>=$H12,9<=$J12),1,"") | AB12: =IF(AND(10>=$H12,10<=$J12),1,"") | AC12: =IF(AND(11>=$H12,11<=$J12),1,"") | AD12: =IF(AND(12>=$H12,12<=$J12),1,"") | AE12: =IF(AND(13>=$H12,13<=$J12),1,"") | AF12: =IF(AND(14>=$H12,14<=$J12),1,"") | AG12: =IF(AND(15>=$H12,15<=$J12),1,"") | AH12: =IF(AND(16>=$H12,16<=$J12),1,"") | AI12: =IF(AND(17>=$H12,17<=$J12),1,"") | AJ12: =IF(AND(18>=$H12,18<=$J12),1,"") | AK12: =IF(AND(19>=$H12,19<=$J12),1,"") | AL12: =IF(AND(20>=$H12,20<=$J12),1,"") | AM12: =IF(AND(21>=$H12,21<=$J12),1,"") | AN12: =IF(AND(22>=$H12,22<=$J12),1,"") | AO12: =IF(AND(23>=$H12,23<=$J12),1,"") | AP12: =IF(AND(24>=$H12,24<=$J12),1,"")
A13: A-09 | B13: Programme d'intégrité du build et des releases | C13: Mettre en œuvre provenance et signature vérifiables, builders éphémères hermétiques, clés de signature protégées et approbation à deux personnes des changements impactant la release ; publier une attestation. | D13: SSC-01 | E13: R-03 | F13: R-01 | G13: VP Ingénierie / Ingénierie de release | H13: 4 | I13: 6 | J13: =H13+I13-1 -> 9 | K13: 4 | L13: 5 | M13: =MAX(INDEX(Ref_Risques!$C$3:$C$15,MATCH(E13,Ref_Risques!$A$3:$A$15,0)),INDEX(Ref_Risques!$C$3:$C$15,MATCH(F13,Ref_Risques!$A$3:$A$15,0))) -> 20 | N13: =2*M13+4*L13+2*(6-K13) -> 64 | O13: =IF(N13>=62,"P1",IF(N13>=48,"P2","P3")) -> P1 | P13: =IF(H13<=3,"0-3 mois",IF(H13<=6,"3-6 mois",IF(H13<=12,"6-12 mois","12-24 mois"))) -> 3-6 mois | Q13: A-05 | R13: 100 % des artefacts de release avec provenance ; attestation publique | S13: =IF(AND(1>=$H13,1<=$J13),1,"") | T13: =IF(AND(2>=$H13,2<=$J13),1,"") | U13: =IF(AND(3>=$H13,3<=$J13),1,"") | V13: =IF(AND(4>=$H13,4<=$J13),1,"") -> 1 | W13: =IF(AND(5>=$H13,5<=$J13),1,"") -> 1 | X13: =IF(AND(6>=$H13,6<=$J13),1,"") -> 1 | Y13: =IF(AND(7>=$H13,7<=$J13),1,"") -> 1 | Z13: =IF(AND(8>=$H13,8<=$J13),1,"") -> 1 | AA13: =IF(AND(9>=$H13,9<=$J13),1,"") -> 1 | AB13: =IF(AND(10>=$H13,10<=$J13),1,"") | AC13: =IF(AND(11>=$H13,11<=$J13),1,"") | AD13: =IF(AND(12>=$H13,12<=$J13),1,"") | AE13: =IF(AND(13>=$H13,13<=$J13),1,"") | AF13: =IF(AND(14>=$H13,14<=$J13),1,"") | AG13: =IF(AND(15>=$H13,15<=$J13),1,"") | AH13: =IF(AND(16>=$H13,16<=$J13),1,"") | AI13: =IF(AND(17>=$H13,17<=$J13),1,"") | AJ13: =IF(AND(18>=$H13,18<=$J13),1,"") | AK13: =IF(AND(19>=$H13,19<=$J13),1,"") | AL13: =IF(AND(20>=$H13,20<=$J13),1,"") | AM13: =IF(AND(21>=$H13,21<=$J13),1,"") | AN13: =IF(AND(22>=$H13,22<=$J13),1,"") | AO13: =IF(AND(23>=$H13,23<=$J13),1,"") | AP13: =IF(AND(24>=$H13,24<=$J13),1,"")
A14: A-10 | B14: Programme d'identités machines et de secrets | C14: Inventorier comptes de service, jetons CI, clés de déploiement et jetons d'agent ; imposer propriétaire, périmètre, expiration et rotation ; étendre la détection interne de secrets. | D14: IAM-04 | E14: R-01 | F14: R-13 | G14: Sécurité des plateformes | H14: 4 | I14: 6 | J14: =H14+I14-1 -> 9 | K14: 3 | L14: 4 | M14: =MAX(INDEX(Ref_Risques!$C$3:$C$15,MATCH(E14,Ref_Risques!$A$3:$A$15,0)),INDEX(Ref_Risques!$C$3:$C$15,MATCH(F14,Ref_Risques!$A$3:$A$15,0))) -> 20 | N14: =2*M14+4*L14+2*(6-K14) -> 62 | O14: =IF(N14>=62,"P1",IF(N14>=48,"P2","P3")) -> P1 | P14: =IF(H14<=3,"0-3 mois",IF(H14<=6,"3-6 mois",IF(H14<=12,"6-12 mois","12-24 mois"))) -> 3-6 mois | Q14: A-05 | R14: 95 %+ des identités machines avec propriétaire et expiration | S14: =IF(AND(1>=$H14,1<=$J14),1,"") | T14: =IF(AND(2>=$H14,2<=$J14),1,"") | U14: =IF(AND(3>=$H14,3<=$J14),1,"") | V14: =IF(AND(4>=$H14,4<=$J14),1,"") -> 1 | W14: =IF(AND(5>=$H14,5<=$J14),1,"") -> 1 | X14: =IF(AND(6>=$H14,6<=$J14),1,"") -> 1 | Y14: =IF(AND(7>=$H14,7<=$J14),1,"") -> 1 | Z14: =IF(AND(8>=$H14,8<=$J14),1,"") -> 1 | AA14: =IF(AND(9>=$H14,9<=$J14),1,"") -> 1 | AB14: =IF(AND(10>=$H14,10<=$J14),1,"") | AC14: =IF(AND(11>=$H14,11<=$J14),1,"") | AD14: =IF(AND(12>=$H14,12<=$J14),1,"") | AE14: =IF(AND(13>=$H14,13<=$J14),1,"") | AF14: =IF(AND(14>=$H14,14<=$J14),1,"") | AG14: =IF(AND(15>=$H14,15<=$J14),1,"") | AH14: =IF(AND(16>=$H14,16<=$J14),1,"") | AI14: =IF(AND(17>=$H14,17<=$J14),1,"") | AJ14: =IF(AND(18>=$H14,18<=$J14),1,"") | AK14: =IF(AND(19>=$H14,19<=$J14),1,"") | AL14: =IF(AND(20>=$H14,20<=$J14),1,"") | AM14: =IF(AND(21>=$H14,21<=$J14),1,"") | AN14: =IF(AND(22>=$H14,22<=$J14),1,"") | AO14: =IF(AND(23>=$H14,23<=$J14),1,"") | AP14: =IF(AND(24>=$H14,24<=$J14),1,"")
A15: A-11 | B15: Revue de durcissement du plan de contrôle Dedicated et test d'intrusion indépendant inter-tenants | C15: Revoir l'accès des opérateurs, les rôles inter-comptes et Switchboard ; commander un test indépendant des chemins inter-tenants ; publier une synthèse. | D15: CLD-02 | E15: R-07 | F15: R-01 | G15: Directeur Ingénierie Dedicated / Sécurité | H15: 4 | I15: 3 | J15: =H15+I15-1 -> 6 | K15: 3 | L15: 3 | M15: =MAX(INDEX(Ref_Risques!$C$3:$C$15,MATCH(E15,Ref_Risques!$A$3:$A$15,0)),INDEX(Ref_Risques!$C$3:$C$15,MATCH(F15,Ref_Risques!$A$3:$A$15,0))) -> 20 | N15: =2*M15+4*L15+2*(6-K15) -> 58 | O15: =IF(N15>=62,"P1",IF(N15>=48,"P2","P3")) -> P2 | P15: =IF(H15<=3,"0-3 mois",IF(H15<=6,"3-6 mois",IF(H15<=12,"6-12 mois","12-24 mois"))) -> 3-6 mois | Q15: A-05 | R15: Test réalisé ; constats critiques corrigés dans le SLA | S15: =IF(AND(1>=$H15,1<=$J15),1,"") | T15: =IF(AND(2>=$H15,2<=$J15),1,"") | U15: =IF(AND(3>=$H15,3<=$J15),1,"") | V15: =IF(AND(4>=$H15,4<=$J15),1,"") -> 1 | W15: =IF(AND(5>=$H15,5<=$J15),1,"") -> 1 | X15: =IF(AND(6>=$H15,6<=$J15),1,"") -> 1 | Y15: =IF(AND(7>=$H15,7<=$J15),1,"") | Z15: =IF(AND(8>=$H15,8<=$J15),1,"") | AA15: =IF(AND(9>=$H15,9<=$J15),1,"") | AB15: =IF(AND(10>=$H15,10<=$J15),1,"") | AC15: =IF(AND(11>=$H15,11<=$J15),1,"") | AD15: =IF(AND(12>=$H15,12<=$J15),1,"") | AE15: =IF(AND(13>=$H15,13<=$J15),1,"") | AF15: =IF(AND(14>=$H15,14<=$J15),1,"") | AG15: =IF(AND(15>=$H15,15<=$J15),1,"") | AH15: =IF(AND(16>=$H15,16<=$J15),1,"") | AI15: =IF(AND(17>=$H15,17<=$J15),1,"") | AJ15: =IF(AND(18>=$H15,18<=$J15),1,"") | AK15: =IF(AND(19>=$H15,19<=$J15),1,"") | AL15: =IF(AND(20>=$H15,20<=$J15),1,"") | AM15: =IF(AND(21>=$H15,21<=$J15),1,"") | AN15: =IF(AND(22>=$H15,22<=$J15),1,"") | AO15: =IF(AND(23>=$H15,23<=$J15),1,"") | AP15: =IF(AND(24>=$H15,24<=$J15),1,"")
A16: A-12 | B16: Référentiel de risque interne et d'accès des prestataires/PEO | C16: Appliquer la même vérification, formation et recertification aux prestataires et au personnel PEO ; définir la surveillance du risque interne pour les rôles Tier-0 conformément au droit local. | D16: IAM-03, PPL-01, PPL-02 | E16: R-08 | F16: R-01 | G16: RH / Responsable Identités et Accès | H16: 4 | I16: 3 | J16: =H16+I16-1 -> 6 | K16: 3 | L16: 3 | M16: =MAX(INDEX(Ref_Risques!$C$3:$C$15,MATCH(E16,Ref_Risques!$A$3:$A$15,0)),INDEX(Ref_Risques!$C$3:$C$15,MATCH(F16,Ref_Risques!$A$3:$A$15,0))) -> 20 | N16: =2*M16+4*L16+2*(6-K16) -> 58 | O16: =IF(N16>=62,"P1",IF(N16>=48,"P2","P3")) -> P2 | P16: =IF(H16<=3,"0-3 mois",IF(H16<=6,"3-6 mois",IF(H16<=12,"6-12 mois","12-24 mois"))) -> 3-6 mois | Q16: A-05 | R16: Parité des mesures démontrée pour tous les types d'engagement | S16: =IF(AND(1>=$H16,1<=$J16),1,"") | T16: =IF(AND(2>=$H16,2<=$J16),1,"") | U16: =IF(AND(3>=$H16,3<=$J16),1,"") | V16: =IF(AND(4>=$H16,4<=$J16),1,"") -> 1 | W16: =IF(AND(5>=$H16,5<=$J16),1,"") -> 1 | X16: =IF(AND(6>=$H16,6<=$J16),1,"") -> 1 | Y16: =IF(AND(7>=$H16,7<=$J16),1,"") | Z16: =IF(AND(8>=$H16,8<=$J16),1,"") | AA16: =IF(AND(9>=$H16,9<=$J16),1,"") | AB16: =IF(AND(10>=$H16,10<=$J16),1,"") | AC16: =IF(AND(11>=$H16,11<=$J16),1,"") | AD16: =IF(AND(12>=$H16,12<=$J16),1,"") | AE16: =IF(AND(13>=$H16,13<=$J16),1,"") | AF16: =IF(AND(14>=$H16,14<=$J16),1,"") | AG16: =IF(AND(15>=$H16,15<=$J16),1,"") | AH16: =IF(AND(16>=$H16,16<=$J16),1,"") | AI16: =IF(AND(17>=$H16,17<=$J16),1,"") | AJ16: =IF(AND(18>=$H16,18<=$J16),1,"") | AK16: =IF(AND(19>=$H16,19<=$J16),1,"") | AL16: =IF(AND(20>=$H16,20<=$J16),1,"") | AM16: =IF(AND(21>=$H16,21<=$J16),1,"") | AN16: =IF(AND(22>=$H16,22<=$J16),1,"") | AO16: =IF(AND(23>=$H16,23<=$J16),1,"") | AP16: =IF(AND(24>=$H16,24<=$J16),1,"")
... A30: A-26 | B30: Quantification des risques et cycle EBIOS RM annuel dans l'ERM | C30: Ajouter une quantification fondée sur les pertes pour les principaux risques et intégrer la mise à jour annuelle EBIOS RM à la gestion des risques d'entreprise. | D30: GOV-02 | E30: R-11 | F30: R-11 | G30: RSSI / Audit interne | H30: 13 | I30: 6 | J30: =H30+I30-1 -> 18 | K30: 3 | L30: 2 | M30: =MAX(INDEX(Ref_Risques!$C$3:$C$15,MATCH(E30,Ref_Risques!$A$3:$A$15,0)),INDEX(Ref_Risques!$C$3:$C$15,MATCH(F30,Ref_Risques!$A$3:$A$15,0))) -> 9 | N30: =2*M30+4*L30+2*(6-K30) -> 32 | O30: =IF(N30>=62,"P1",IF(N30>=48,"P2","P3")) -> P3 | P30: =IF(H30<=3,"0-3 mois",IF(H30<=6,"3-6 mois",IF(H30<=12,"6-12 mois","12-24 mois"))) -> 12-24 mois | Q30: A-06 | R30: Cycle annuel réalisé ; 5 principaux risques quantifiés | S30: =IF(AND(1>=$H30,1<=$J30),1,"") | T30: =IF(AND(2>=$H30,2<=$J30),1,"") | U30: =IF(AND(3>=$H30,3<=$J30),1,"") | V30: =IF(AND(4>=$H30,4<=$J30),1,"") | W30: =IF(AND(5>=$H30,5<=$J30),1,"") | X30: =IF(AND(6>=$H30,6<=$J30),1,"") | Y30: =IF(AND(7>=$H30,7<=$J30),1,"") | Z30: =IF(AND(8>=$H30,8<=$J30),1,"") | AA30: =IF(AND(9>=$H30,9<=$J30),1,"") | AB30: =IF(AND(10>=$H30,10<=$J30),1,"") | AC30: =IF(AND(11>=$H30,11<=$J30),1,"") | AD30: =IF(AND(12>=$H30,12<=$J30),1,"") | AE30: =IF(AND(13>=$H30,13<=$J30),1,"") -> 1 | AF30: =IF(AND(14>=$H30,14<=$J30),1,"") -> 1 | AG30: =IF(AND(15>=$H30,15<=$J30),1,"") -> 1 | AH30: =IF(AND(16>=$H30,16<=$J30),1,"") -> 1 | AI30: =IF(AND(17>=$H30,17<=$J30),1,"") -> 1 | AJ30: =IF(AND(18>=$H30,18<=$J30),1,"") -> 1 | AK30: =IF(AND(19>=$H30,19<=$J30),1,"") | AL30: =IF(AND(20>=$H30,20<=$J30),1,"") | AM30: =IF(AND(21>=$H30,21<=$J30),1,"") | AN30: =IF(AND(22>=$H30,22<=$J30),1,"") | AO30: =IF(AND(23>=$H30,23<=$J30),1,"") | AP30: =IF(AND(24>=$H30,24<=$J30),1,"")

Sheet Ref_Risques
A1: Référentiel des risques (copié du Livrable 2, Registre_Risques - mettre à jour les deux si les scores changent)
A2: Risque | B2: Intitulé | C2: Score inhérent | D2: Niveau
A3: R-01 | B3: Compromission d'identité privilégiée | C3: =5*4 -> 20 | D3: =IF(C3>=20,"Critique",IF(C3>=15,"Élevé",IF(C3>=8,"Moyen","Faible"))) -> Critique
A4: R-02 | B4: Exploitation de vulnérabilités produit critiques | C4: =5*4 -> 20 | D4: =IF(C4>=20,"Critique",IF(C4>=15,"Élevé",IF(C4>=8,"Moyen","Faible"))) -> Critique
A5: R-03 | B5: Compromission de la chaîne d'approvisionnement logicielle du produit GitLab | C5: =5*3 -> 15 | D5: =IF(C5>=20,"Critique",IF(C5>=15,"Élevé",IF(C5>=8,"Moyen","Faible"))) -> Élevé
A6: R-04 | B6: Défaillance ou compromission de tiers et de fournisseurs cloud | C6: =4*3 -> 12 | D6: =IF(C6>=20,"Critique",IF(C6>=15,"Élevé",IF(C6>=8,"Moyen","Faible"))) -> Moyen
A7: R-05 | B7: Interruption majeure de service ou perte de données | C7: =5*3 -> 15 | D7: =IF(C7>=20,"Critique",IF(C7>=15,"Élevé",IF(C7>=8,"Moyen","Faible"))) -> Élevé
A8: R-06 | B8: Détournement des fonctions d'IA et des agents | C8: =4*4 -> 16 | D8: =IF(C8>=20,"Critique",IF(C8>=15,"Élevé",IF(C8>=8,"Moyen","Faible"))) -> Élevé
A9: R-07 | B9: Compromission du plan de contrôle Dedicated ou de l'isolation des tenants | C9: =5*2 -> 10 | D9: =IF(C9>=20,"Critique",IF(C9>=15,"Élevé",IF(C9>=8,"Moyen","Faible"))) -> Moyen
A10: R-08 | B10: Abus d'accès privilégié ou de support par un interne | C10: =4*2 -> 8 | D10: =IF(C10>=20,"Critique",IF(C10>=15,"Élevé",IF(C10>=8,"Moyen","Faible"))) -> Moyen
A11: R-09 | B11: Abus des runners CI partagés et évasion entre tenants | C11: =4*3 -> 12 | D11: =IF(C11>=20,"Critique",IF(C11>=15,"Élevé",IF(C11>=8,"Moyen","Faible"))) -> Moyen
A12: R-10 | B12: Écart d'adoption des correctifs exposant les clients auto-hébergés et la réputation de GitLab | C12: =4*4 -> 16 | D12: =IF(C12>=20,"Critique",IF(C12>=15,"Élevé",IF(C12>=8,"Moyen","Faible"))) -> Élevé
A13: R-11 | B13: Défaut de continuité de la gouvernance de la sécurité | C13: =3*3 -> 9 | D13: =IF(C13>=20,"Critique",IF(C13>=15,"Élevé",IF(C13>=8,"Moyen","Faible"))) -> Moyen
A14: R-12 | B14: Expiration ou érosion des certifications et de l'éligibilité aux marchés régulés | C14: =3*2 -> 6 | D14: =IF(C14>=20,"Critique",IF(C14>=15,"Élevé",IF(C14>=8,"Moyen","Faible"))) -> Faible
A15: R-13 | B15: Sur-divulgation due à la transparence radicale | C15: =3*3 -> 9 | D15: =IF(C15>=20,"Critique",IF(C15>=15,"Élevé",IF(C15>=8,"Moyen","Faible"))) -> Moyen

Sheet Synthese_Phases
A1: Synthèse par phase et effort
A3: Tranche | B3: Actions | C3: P1 | D3: P2 | E3: P3 | F3: Effort moyen | G3: Urgence moyenne
A4: 0-3 mois | B4: =COUNTIF(Feuille_de_route!$P$5:$P$30,A4) -> 8 | C4: =COUNTIFS(Feuille_de_route!$P$5:$P$30,$A4,Feuille_de_route!$O$5:$O$30,"P1") -> 7 | D4: =COUNTIFS(Feuille_de_route!$P$5:$P$30,$A4,Feuille_de_route!$O$5:$O$30,"P2") -> 0 | E4: =COUNTIFS(Feuille_de_route!$P$5:$P$30,$A4,Feuille_de_route!$O$5:$O$30,"P3") -> 1 | F4: =ROUND(AVERAGEIF(Feuille_de_route!$P$5:$P$30,A4,Feuille_de_route!$K$5:$K$30),1) -> 2.3 | G4: =ROUND(AVERAGEIF(Feuille_de_route!$P$5:$P$30,A4,Feuille_de_route!$L$5:$L$30),1) -> 4.5
A5: 3-6 mois | B5: =COUNTIF(Feuille_de_route!$P$5:$P$30,A5) -> 7 | C5: =COUNTIFS(Feuille_de_route!$P$5:$P$30,$A5,Feuille_de_route!$O$5:$O$30,"P1") -> 2 | D5: =COUNTIFS(Feuille_de_route!$P$5:$P$30,$A5,Feuille_de_route!$O$5:$O$30,"P2") -> 4 | E5: =COUNTIFS(Feuille_de_route!$P$5:$P$30,$A5,Feuille_de_route!$O$5:$O$30,"P3") -> 1 | F5: =ROUND(AVERAGEIF(Feuille_de_route!$P$5:$P$30,A5,Feuille_de_route!$K$5:$K$30),1) -> 3.1 | G5: =ROUND(AVERAGEIF(Feuille_de_route!$P$5:$P$30,A5,Feuille_de_route!$L$5:$L$30),1) -> 3.6
A6: 6-12 mois | B6: =COUNTIF(Feuille_de_route!$P$5:$P$30,A6) -> 6 | C6: =COUNTIFS(Feuille_de_route!$P$5:$P$30,$A6,Feuille_de_route!$O$5:$O$30,"P1") -> 0 | D6: =COUNTIFS(Feuille_de_route!$P$5:$P$30,$A6,Feuille_de_route!$O$5:$O$30,"P2") -> 5 | E6: =COUNTIFS(Feuille_de_route!$P$5:$P$30,$A6,Feuille_de_route!$O$5:$O$30,"P3") -> 1 | F6: =ROUND(AVERAGEIF(Feuille_de_route!$P$5:$P$30,A6,Feuille_de_route!$K$5:$K$30),1) -> 3.3 | G6: =ROUND(AVERAGEIF(Feuille_de_route!$P$5:$P$30,A6,Feuille_de_route!$L$5:$L$30),1) -> 3.2
A7: 12-24 mois | B7: =COUNTIF(Feuille_de_route!$P$5:$P$30,A7) -> 5 | C7: =COUNTIFS(Feuille_de_route!$P$5:$P$30,$A7,Feuille_de_route!$O$5:$O$30,"P1") -> 0 | D7: =COUNTIFS(Feuille_de_route!$P$5:$P$30,$A7,Feuille_de_route!$O$5:$O$30,"P2") -> 1 | E7: =COUNTIFS(Feuille_de_route!$P$5:$P$30,$A7,Feuille_de_route!$O$5:$O$30,"P3") -> 4 | F7: =ROUND(AVERAGEIF(Feuille_de_route!$P$5:$P$30,A7,Feuille_de_route!$K$5:$K$30),1) -> 3.6 | G7: =ROUND(AVERAGEIF(Feuille_de_route!$P$5:$P$30,A7,Feuille_de_route!$L$5:$L$30),1) -> 2.6
A8: Total | B8: =SUM(B4:B7) -> 26 | C8: =SUM(C4:C7) -> 9 | D8: =SUM(D4:D7) -> 10 | E8: =SUM(E4:E7) -> 7

Sheet Risques_vers_Actions
A1: Traçabilité : risque -> exigences PSSI -> actions de la feuille de route
A3: Risque | B3: Intitulé du risque | C3: Score inhérent | D3: Cible résiduelle | E3: Exigences PSSI | F3: Actions de la feuille de route
A4: R-01 | B4: Compromission d'identité privilégiée | C4: 20 | D4: 10 | E4: IAM-01, IAM-02, IAM-04, MON-01 | F4: A-01, A-04, A-05, A-09, A-10, A-11, A-12, A-16, A-21
A5: R-02 | B5: Exploitation de vulnérabilités produit critiques | C5: 20 | D5: 15 | E5: SSC-03, SSC-04, RES-03 | F5: A-02, A-03, A-06, A-08, A-16, A-17, A-22
A6: R-03 | B6: Compromission de la chaîne d'approvisionnement logicielle du produit GitLab | C6: 15 | D6: 10 | E6: SSC-01, SSC-02, IAM-01 | F6: A-09, A-19
A7: R-04 | B7: Défaillance ou compromission de tiers et de fournisseurs cloud | C7: 12 | D7: 8 | E7: TPM-01, TPM-02 | F7: A-13, A-14, A-23
A8: R-05 | B8: Interruption majeure de service ou perte de données | C8: 15 | D8: 10 | E8: RES-01, RES-02, RES-03 | F8: A-13, A-18, A-23
A9: R-06 | B9: Détournement des fonctions d'IA et des agents | C9: 16 | D9: 12 | E9: AI-01, AI-02, AI-03 | F9: A-03, A-14, A-22
A10: R-07 | B10: Compromission du plan de contrôle Dedicated ou de l'isolation des tenants | C10: 10 | D10: 5 | E10: CLD-02, IAM-01 | F10: A-05, A-11, A-24
A11: R-08 | B11: Abus d'accès privilégié ou de support par un interne | C11: 8 | D11: 6 | E11: IAM-03, PPL-01, PPL-02 | F11: A-04, A-12, A-21
A12: R-09 | B12: Abus des runners CI partagés et évasion entre tenants | C12: 12 | D12: 6 | E12: CLD-03 | F12: A-20
A13: R-10 | B13: Écart d'adoption des correctifs exposant les clients auto-hébergés et la réputation de GitLab | C13: 16 | D13: 12 | E13: SSC-03, SSC-05, CMP-02 | F13: A-02, A-08, A-17
A14: R-11 | B14: Défaut de continuité de la gouvernance de la sécurité | C14: 9 | D14: 3 | E14: GOV-01, GOV-02, GOV-04 | F14: A-01, A-06, A-25, A-26
A15: R-12 | B15: Expiration ou érosion des certifications et de l'éligibilité aux marchés régulés | C15: 6 | D15: 3 | E15: CMP-01, GOV-03 | F15: A-07, A-24, A-25
A16: R-13 | B16: Sur-divulgation due à la transparence radicale | C16: 9 | D16: 6 | E16: TRN-01, IAM-04 | F16: A-10, A-15

Sheet Frise_visuelle
A1: Frise visuelle (image statique ; voir l'onglet Feuille_de_route pour le Gantt actif)
